{
  "exports": ["*"],
  "umd": true,
  "compile": {
    "externs": [
      "externs/bingmaps.js",
      "externs/closure-compiler.js",
      "externs/geojson.js",
      "externs/oli.js",
      "externs/olx.js",
      "externs/proj4js.js",
      "externs/tilejson.js",
      "externs/topojson.js",
      "externs/vbarray.js"
    ],
    "define": [
      "goog.array.ASSUME_NATIVE_FUNCTIONS=true",
      "goog.dom.ASSUME_STANDARDS_MODE=true",
      "goog.json.USE_NATIVE_JSON=true",
      "goog.DEBUG=false"
    ],
    "jscomp_error": [
      "accessControls",
      "ambiguousFunctionDecl",
      "checkEventfulObjectDisposal",
      "checkRegExp",
      "checkStructDictInheritance",
      "checkTypes",
      "checkVars",
      "const",
      "constantProperty",
      "deprecated",
      "duplicateMessage",
      "es3",
      "es5Strict",
      "externsValidation",
      "fileoverviewTags",
      "globalThis",
      "internetExplorerChecks",
      "invalidCasts",
      "misplacedTypeAnnotation",
      "missingGetCssName",
      "missingProperties",
      "missingProvide",
      "missingRequire",
      "missingReturn",
      "newCheckTypes",
      "nonStandardJsDocs",
      "suspiciousCode",
      "strictModuleDepCheck",
      "typeInvalidation",
      "undefinedNames",
      "undefinedVars",
      "unknownDefines",
      "uselessCode",
      "visibility"
    ],
    "extra_annotation_name": [
      "api", "observable"
    ],
    "compilation_level": "ADVANCED",
    "warning_level": "VERBOSE",
    "use_types_for_optimization": true,
    "manage_closure_dependencies": true,
    "create_source_map": "build/ol.js.map",
    "source_map_format": "V3"
  }
}
