<?xml version="1.0" encoding="UTF-8"?>
<Capabilities xmlns="http://www.opengis.net/wmts/1.0" xmlns:ows="http://www.opengis.net/ows/1.1" xmlns:xlink="http://www.w3.org/1999/xlink" xmlns:xsi="http://www.w3.org/2001/XMLSchema-instance" xmlns:gml="http://www.opengis.net/gml" xsi:schemaLocation="http://www.opengis.net/wmts/1.0 http://schemas.opengis.net/wmts/1.0/wmtsGetCapabilities_response.xsd" version="1.0.0">
	<ows:ServiceIdentification>
		<ows:Title>Web Map Tile Service</ows:Title>
		<ows:ServiceType>OGC WMTS</ows:ServiceType>
		<ows:ServiceTypeVersion>1.0.0</ows:ServiceTypeVersion>
		<ows:Fees>none</ows:Fees>
		<ows:AccessConstraints>http://data.wien.gv.at/nutzungsbedingungen</ows:AccessConstraints>
	</ows:ServiceIdentification>
	<ows:ServiceProvider>
		<ows:ProviderName>Magistrat Wien</ows:ProviderName>
		<ows:ProviderSite xlink:href="http://www.wien.gv.at"/>
		<ows:ServiceContact>
			<ows:IndividualName>Gerhard Sommer</ows:IndividualName>
		</ows:ServiceContact>
	</ows:ServiceProvider>
	<ows:OperationsMetadata>
		<ows:Operation name="GetCapabilities">
			<ows:DCP>
				<ows:HTTP>
					<ows:Get xlink:href="http://maps.wien.gv.at/wmts">
						<ows:Constraint name="GetEncoding">
							<ows:AllowedValues>
								<ows:Value>RESTful</ows:Value>
							</ows:AllowedValues>
						</ows:Constraint>
					</ows:Get>
					<ows:Get xlink:href="http://maps1.wien.gv.at/wmts">
						<ows:Constraint name="GetEncoding">
							<ows:AllowedValues>
								<ows:Value>RESTful</ows:Value>
							</ows:AllowedValues>
						</ows:Constraint>
					</ows:Get>
					<ows:Get xlink:href="http://maps2.wien.gv.at/wmts">
						<ows:Constraint name="GetEncoding">
							<ows:AllowedValues>
								<ows:Value>RESTful</ows:Value>
							</ows:AllowedValues>
						</ows:Constraint>
					</ows:Get>
					<ows:Get xlink:href="http://maps3.wien.gv.at/wmts">
						<ows:Constraint name="GetEncoding">
							<ows:AllowedValues>
								<ows:Value>RESTful</ows:Value>
							</ows:AllowedValues>
						</ows:Constraint>
					</ows:Get>
					<ows:Get xlink:href="http://maps4.wien.gv.at/wmts">
						<ows:Constraint name="GetEncoding">
							<ows:AllowedValues>
								<ows:Value>RESTful</ows:Value>
							</ows:AllowedValues>
						</ows:Constraint>
					</ows:Get>
				</ows:HTTP>
			</ows:DCP>
		</ows:Operation>
		<ows:Operation name="GetTile">
			<ows:DCP>
				<ows:HTTP>
					<ows:Get xlink:href="http://maps.wien.gv.at/wmts">
						<ows:Constraint name="GetEncoding">
							<ows:AllowedValues>
								<ows:Value>RESTful</ows:Value>
							</ows:AllowedValues>
						</ows:Constraint>
					</ows:Get>
					<ows:Get xlink:href="http://maps1.wien.gv.at/wmts">
						<ows:Constraint name="GetEncoding">
							<ows:AllowedValues>
								<ows:Value>RESTful</ows:Value>
							</ows:AllowedValues>
						</ows:Constraint>
					</ows:Get>
					<ows:Get xlink:href="http://maps2.wien.gv.at/wmts">
						<ows:Constraint name="GetEncoding">
							<ows:AllowedValues>
								<ows:Value>RESTful</ows:Value>
							</ows:AllowedValues>
						</ows:Constraint>
					</ows:Get>
					<ows:Get xlink:href="http://maps3.wien.gv.at/wmts">
						<ows:Constraint name="GetEncoding">
							<ows:AllowedValues>
								<ows:Value>RESTful</ows:Value>
							</ows:AllowedValues>
						</ows:Constraint>
					</ows:Get>
					<ows:Get xlink:href="http://maps4.wien.gv.at/wmts">
						<ows:Constraint name="GetEncoding">
							<ows:AllowedValues>
								<ows:Value>RESTful</ows:Value>
							</ows:AllowedValues>
						</ows:Constraint>
					</ows:Get>
				</ows:HTTP>
			</ows:DCP>
		</ows:Operation>
	</ows:OperationsMetadata>
	<Contents>
		<Layer>
			<ows:Title>Luftbild</ows:Title>
			<ows:WGS84BoundingBox crs="urn:ogc:def:crs:OGC:2:84">
				<ows:LowerCorner>16.17 48.10</ows:LowerCorner>
				<ows:UpperCorner>16.58 48.33</ows:UpperCorner>
			</ows:WGS84BoundingBox>
			<ows:Identifier>lb</ows:Identifier>
			<Style isDefault="true">
				<ows:Identifier>farbe</ows:Identifier>
			</Style>
			<Format>image/jpeg</Format>
			<TileMatrixSetLink>
				<TileMatrixSet>google3857</TileMatrixSet>
			</TileMatrixSetLink>
			<ResourceURL format="image/jpeg" template="http://maps1.wien.gv.at/wmts/lb/{Style}/{TileMatrixSet}/{TileMatrix}/{TileRow}/{TileCol}.jpeg" resourceType="tile"/>
			<ResourceURL format="image/jpeg" template="http://maps2.wien.gv.at/wmts/lb/{Style}/{TileMatrixSet}/{TileMatrix}/{TileRow}/{TileCol}.jpeg" resourceType="tile"/>
			<ResourceURL format="image/jpeg" template="http://maps3.wien.gv.at/wmts/lb/{Style}/{TileMatrixSet}/{TileMatrix}/{TileRow}/{TileCol}.jpeg" resourceType="tile"/>
			<ResourceURL format="image/jpeg" template="http://maps4.wien.gv.at/wmts/lb/{Style}/{TileMatrixSet}/{TileMatrix}/{TileRow}/{TileCol}.jpeg" resourceType="tile"/>
			<ResourceURL format="image/jpeg" template="http://maps.wien.gv.at/wmts/lb/{Style}/{TileMatrixSet}/{TileMatrix}/{TileRow}/{TileCol}.jpeg" resourceType="tile"/>
		</Layer>
		<Layer>
			<ows:Title>MZK Flächen</ows:Title>
			<ows:WGS84BoundingBox crs="urn:ogc:def:crs:OGC:2:84">
				<ows:LowerCorner>16.17 48.10</ows:LowerCorner>
				<ows:UpperCorner>16.58 48.33</ows:UpperCorner>
			</ows:WGS84BoundingBox>
			<ows:Identifier>fmzk</ows:Identifier>
			<Style isDefault="true">
				<ows:Identifier>pastell</ows:Identifier>
			</Style>
			<Format>image/jpeg</Format>
			<TileMatrixSetLink>
				<TileMatrixSet>google3857</TileMatrixSet>
			</TileMatrixSetLink>
			<ResourceURL format="image/jpeg" template="http://maps1.wien.gv.at/wmts/fmzk/{Style}/{TileMatrixSet}/{TileMatrix}/{TileRow}/{TileCol}.jpeg" resourceType="tile"/>
			<ResourceURL format="image/jpeg" template="http://maps2.wien.gv.at/wmts/fmzk/{Style}/{TileMatrixSet}/{TileMatrix}/{TileRow}/{TileCol}.jpeg" resourceType="tile"/>
			<ResourceURL format="image/jpeg" template="http://maps3.wien.gv.at/wmts/fmzk/{Style}/{TileMatrixSet}/{TileMatrix}/{TileRow}/{TileCol}.jpeg" resourceType="tile"/>
			<ResourceURL format="image/jpeg" template="http://maps4.wien.gv.at/wmts/fmzk/{Style}/{TileMatrixSet}/{TileMatrix}/{TileRow}/{TileCol}.jpeg" resourceType="tile"/>
			<ResourceURL format="image/jpeg" template="http://maps.wien.gv.at/wmts/fmzk/{Style}/{TileMatrixSet}/{TileMatrix}/{TileRow}/{TileCol}.jpeg" resourceType="tile"/>
		</Layer>
		<Layer>
			<ows:Title>Flächenwidmungs- und Bebauungsplan</ows:Title>
			<ows:WGS84BoundingBox crs="urn:ogc:def:crs:OGC:2:84">
				<ows:LowerCorner>16.17 48.10</ows:LowerCorner>
				<ows:UpperCorner>16.58 48.33</ows:UpperCorner>
			</ows:WGS84BoundingBox>
			<ows:Identifier>flwbplmzk</ows:Identifier>
			<Style isDefault="true">
				<ows:Identifier>rot</ows:Identifier>
			</Style>
			<Format>image/jpeg</Format>
			<TileMatrixSetLink>
				<TileMatrixSet>google3857</TileMatrixSet>
			</TileMatrixSetLink>
			<ResourceURL format="image/jpeg" template="http://maps1.wien.gv.at/wmts/flwbplmzk/{Style}/{TileMatrixSet}/{TileMatrix}/{TileRow}/{TileCol}.jpeg" resourceType="tile"/>
			<ResourceURL format="image/jpeg" template="http://maps2.wien.gv.at/wmts/flwbplmzk/{Style}/{TileMatrixSet}/{TileMatrix}/{TileRow}/{TileCol}.jpeg" resourceType="tile"/>
			<ResourceURL format="image/jpeg" template="http://maps3.wien.gv.at/wmts/flwbplmzk/{Style}/{TileMatrixSet}/{TileMatrix}/{TileRow}/{TileCol}.jpeg" resourceType="tile"/>
			<ResourceURL format="image/jpeg" template="http://maps4.wien.gv.at/wmts/flwbplmzk/{Style}/{TileMatrixSet}/{TileMatrix}/{TileRow}/{TileCol}.jpeg" resourceType="tile"/>
			<ResourceURL format="image/jpeg" template="http://maps.wien.gv.at/wmts/flwbplmzk/{Style}/{TileMatrixSet}/{TileMatrix}/{TileRow}/{TileCol}.jpeg" resourceType="tile"/>
		</Layer>
		<Layer>
			<ows:Title>Beschriftung</ows:Title>
			<ows:WGS84BoundingBox crs="urn:ogc:def:crs:OGC:2:84">
				<ows:LowerCorner>16.17 48.10</ows:LowerCorner>
				<ows:UpperCorner>16.58 48.33</ows:UpperCorner>
			</ows:WGS84BoundingBox>
			<ows:Identifier>beschriftung</ows:Identifier>
			<Style isDefault="true">
				<ows:Identifier>normal</ows:Identifier>
			</Style>
			<Format>image/png</Format>
			<TileMatrixSetLink>
				<TileMatrixSet>google3857</TileMatrixSet>
			</TileMatrixSetLink>
			<ResourceURL format="image/png" template="http://maps1.wien.gv.at/wmts/beschriftung/{Style}/{TileMatrixSet}/{TileMatrix}/{TileRow}/{TileCol}.png" resourceType="tile"/>
			<ResourceURL format="image/png" template="http://maps2.wien.gv.at/wmts/beschriftung/{Style}/{TileMatrixSet}/{TileMatrix}/{TileRow}/{TileCol}.png" resourceType="tile"/>
			<ResourceURL format="image/png" template="http://maps3.wien.gv.at/wmts/beschriftung/{Style}/{TileMatrixSet}/{TileMatrix}/{TileRow}/{TileCol}.png" resourceType="tile"/>
			<ResourceURL format="image/png" template="http://maps4.wien.gv.at/wmts/beschriftung/{Style}/{TileMatrixSet}/{TileMatrix}/{TileRow}/{TileCol}.png" resourceType="tile"/>
			<ResourceURL format="image/png" template="http://maps.wien.gv.at/wmts/beschriftung/{Style}/{TileMatrixSet}/{TileMatrix}/{TileRow}/{TileCol}.png" resourceType="tile"/>
		</Layer>
		<TileMatrixSet>
			<!-- -180 85.05112878 -->
			<ows:Identifier>google3857</ows:Identifier>
			<ows:BoundingBox crs="urn:ogc:def:crs:EPSG:6.18:3:3857">
				<ows:LowerCorner>1799448.394855 6124949.747770</ows:LowerCorner>
				<ows:UpperCorner>1848250.442089 6162571.828177</ows:UpperCorner>
			</ows:BoundingBox>
			<ows:SupportedCRS>urn:ogc:def:crs:EPSG:6.18:3:3857</ows:SupportedCRS>
			<WellKnownScaleSet>urn:ogc:def:wkss:OGC:1.0:GoogleMapsCompatible</WellKnownScaleSet>
			<TileMatrix>
				<ows:Identifier>0</ows:Identifier>
				<ScaleDenominator>559082264.029</ScaleDenominator>
				<TopLeftCorner>-20037508.3428 20037508.3428</TopLeftCorner>
				<TileWidth>256</TileWidth>
				<TileHeight>256</TileHeight>
				<MatrixWidth>1</MatrixWidth>
				<MatrixHeight>1</MatrixHeight>
			</TileMatrix>
			<TileMatrix>
				<ows:Identifier>1</ows:Identifier>
				<ScaleDenominator>279541132.015</ScaleDenominator>
				<TopLeftCorner>-20037508.3428 20037508.3428</TopLeftCorner>
				<TileWidth>256</TileWidth>
				<TileHeight>256</TileHeight>
				<MatrixWidth>2</MatrixWidth>
				<MatrixHeight>2</MatrixHeight>
			</TileMatrix>
			<TileMatrix>
				<ows:Identifier>2</ows:Identifier>
				<ScaleDenominator>139770566.007</ScaleDenominator>
				<TopLeftCorner>-20037508.3428 20037508.3428</TopLeftCorner>
				<TileWidth>256</TileWidth>
				<TileHeight>256</TileHeight>
				<MatrixWidth>4</MatrixWidth>
				<MatrixHeight>4</MatrixHeight>
			</TileMatrix>
			<TileMatrix>
				<ows:Identifier>3</ows:Identifier>
				<ScaleDenominator>69885283.0036</ScaleDenominator>
				<TopLeftCorner>-20037508.3428 20037508.3428</TopLeftCorner>
				<TileWidth>256</TileWidth>
				<TileHeight>256</TileHeight>
				<MatrixWidth>8</MatrixWidth>
				<MatrixHeight>8</MatrixHeight>
			</TileMatrix>
			<TileMatrix>
				<ows:Identifier>4</ows:Identifier>
				<ScaleDenominator>34942641.5018</ScaleDenominator>
				<TopLeftCorner>-20037508.3428 20037508.3428</TopLeftCorner>
				<TileWidth>256</TileWidth>
				<TileHeight>256</TileHeight>
				<MatrixWidth>16</MatrixWidth>
				<MatrixHeight>16</MatrixHeight>
			</TileMatrix>
			<TileMatrix>
				<ows:Identifier>5</ows:Identifier>
				<ScaleDenominator>17471320.7509</ScaleDenominator>
				<TopLeftCorner>-20037508.3428 20037508.3428</TopLeftCorner>
				<TileWidth>256</TileWidth>
				<TileHeight>256</TileHeight>
				<MatrixWidth>32</MatrixWidth>
				<MatrixHeight>32</MatrixHeight>
			</TileMatrix>
			<TileMatrix>
				<ows:Identifier>6</ows:Identifier>
				<ScaleDenominator>8735660.37545</ScaleDenominator>
				<TopLeftCorner>-20037508.3428 20037508.3428</TopLeftCorner>
				<TileWidth>256</TileWidth>
				<TileHeight>256</TileHeight>
				<MatrixWidth>64</MatrixWidth>
				<MatrixHeight>64</MatrixHeight>
			</TileMatrix>
			<TileMatrix>
				<ows:Identifier>7</ows:Identifier>
				<ScaleDenominator>4367830.18773</ScaleDenominator>
				<TopLeftCorner>-20037508.3428 20037508.3428</TopLeftCorner>
				<TileWidth>256</TileWidth>
				<TileHeight>256</TileHeight>
				<MatrixWidth>128</MatrixWidth>
				<MatrixHeight>128</MatrixHeight>
			</TileMatrix>
			<TileMatrix>
				<ows:Identifier>8</ows:Identifier>
				<ScaleDenominator>2183915.09386</ScaleDenominator>
				<TopLeftCorner>-20037508.3428 20037508.3428</TopLeftCorner>
				<TileWidth>256</TileWidth>
				<TileHeight>256</TileHeight>
				<MatrixWidth>256</MatrixWidth>
				<MatrixHeight>256</MatrixHeight>
			</TileMatrix>
			<TileMatrix>
				<ows:Identifier>9</ows:Identifier>
				<ScaleDenominator>1091957.54693</ScaleDenominator>
				<TopLeftCorner>-20037508.3428 20037508.3428</TopLeftCorner>
				<TileWidth>256</TileWidth>
				<TileHeight>256</TileHeight>
				<MatrixWidth>512</MatrixWidth>
				<MatrixHeight>512</MatrixHeight>
			</TileMatrix>
			<TileMatrix>
				<ows:Identifier>10</ows:Identifier>
				<ScaleDenominator>545978.773466</ScaleDenominator>
				<TopLeftCorner>-20037508.3428 20037508.3428</TopLeftCorner>
				<TileWidth>256</TileWidth>
				<TileHeight>256</TileHeight>
				<MatrixWidth>1024</MatrixWidth>
				<MatrixHeight>1024</MatrixHeight>
			</TileMatrix>
			<TileMatrix>
				<ows:Identifier>11</ows:Identifier>
				<ScaleDenominator>272989.386733</ScaleDenominator>
				<TopLeftCorner>-20037508.3428 20037508.3428</TopLeftCorner>
				<TileWidth>256</TileWidth>
				<TileHeight>256</TileHeight>
				<MatrixWidth>2048</MatrixWidth>
				<MatrixHeight>2048</MatrixHeight>
			</TileMatrix>
			<TileMatrix>
				<ows:Identifier>12</ows:Identifier>
				<ScaleDenominator>136494.693366</ScaleDenominator>
				<TopLeftCorner>-20037508.3428 20037508.3428</TopLeftCorner>
				<TileWidth>256</TileWidth>
				<TileHeight>256</TileHeight>
				<MatrixWidth>4096</MatrixWidth>
				<MatrixHeight>4096</MatrixHeight>
			</TileMatrix>
			<TileMatrix>
				<ows:Identifier>13</ows:Identifier>
				<ScaleDenominator>68247.3466832</ScaleDenominator>
				<TopLeftCorner>-20037508.3428 20037508.3428</TopLeftCorner>
				<TileWidth>256</TileWidth>
				<TileHeight>256</TileHeight>
				<MatrixWidth>8192</MatrixWidth>
				<MatrixHeight>8192</MatrixHeight>
			</TileMatrix>
			<TileMatrix>
				<ows:Identifier>14</ows:Identifier>
				<ScaleDenominator>34123.6733416</ScaleDenominator>
				<TopLeftCorner>-20037508.3428 20037508.3428</TopLeftCorner>
				<TileWidth>256</TileWidth>
				<TileHeight>256</TileHeight>
				<MatrixWidth>16384</MatrixWidth>
				<MatrixHeight>16384</MatrixHeight>
			</TileMatrix>
			<TileMatrix>
				<ows:Identifier>15</ows:Identifier>
				<ScaleDenominator>17061.8366708</ScaleDenominator>
				<TopLeftCorner>-20037508.3428 20037508.3428</TopLeftCorner>
				<TileWidth>256</TileWidth>
				<TileHeight>256</TileHeight>
				<MatrixWidth>32768</MatrixWidth>
				<MatrixHeight>32768</MatrixHeight>
			</TileMatrix>
			<TileMatrix>
				<ows:Identifier>16</ows:Identifier>
				<ScaleDenominator>8530.91833540</ScaleDenominator>
				<TopLeftCorner>-20037508.3428 20037508.3428</TopLeftCorner>
				<TileWidth>256</TileWidth>
				<TileHeight>256</TileHeight>
				<MatrixWidth>65536</MatrixWidth>
				<MatrixHeight>65536</MatrixHeight>
			</TileMatrix>
			<TileMatrix>
				<ows:Identifier>17</ows:Identifier>
				<ScaleDenominator>4265.45916770</ScaleDenominator>
				<TopLeftCorner>-20037508.3428 20037508.3428</TopLeftCorner>
				<TileWidth>256</TileWidth>
				<TileHeight>256</TileHeight>
				<MatrixWidth>131072</MatrixWidth>
				<MatrixHeight>131072</MatrixHeight>
			</TileMatrix>
			<TileMatrix>
				<ows:Identifier>18</ows:Identifier>
				<ScaleDenominator>2132.72958385</ScaleDenominator>
				<TopLeftCorner>-20037508.3428 20037508.3428</TopLeftCorner>
				<TileWidth>256</TileWidth>
				<TileHeight>256</TileHeight>
				<MatrixWidth>262144</MatrixWidth>
				<MatrixHeight>262144</MatrixHeight>
			</TileMatrix>
			<TileMatrix>
				<ows:Identifier>19</ows:Identifier>
				<ScaleDenominator>1066.36479193</ScaleDenominator>
				<TopLeftCorner>-20037508.3428 20037508.3428</TopLeftCorner>
				<TileWidth>256</TileWidth>
				<TileHeight>256</TileHeight>
				<MatrixWidth>524288</MatrixWidth>
				<MatrixHeight>524288</MatrixHeight>
			</TileMatrix>
		</TileMatrixSet>
	</Contents>
	<ServiceMetadataURL xlink:href="http://maps.wien.gv.at/wmts/1.0.0/WMTSCapabilities.xml"/>
</Capabilities>